joint,metric,depends_on_discretisation,raw,restricted,tuned,raw_to_restricted_abs,raw_to_restricted_pct,restricted_to_tuned_abs,restricted_to_tuned_pct,raw_to_tuned_abs,raw_to_tuned_pct
A1,q_range_deg,False,329.15885883911574,30.857638642274907,30.977908219811646,-298.30122019684086,-90.62530513348351,0.12026957753673884,0.38975625753802734,-298.1809506193041,-90.58876667361615
A1,planned_accumulated_joint_path_deg,False,769.696527682044,111.40127829215135,112.07628455548627,-658.2952493898927,-85.52659726455589,0.6750062633349216,0.6059232655883074,-657.6202431265577,-85.43889955005953
A1,min_joint_margin_to_configured_limits_deg,False,4.574672512079076,153.72004198713836,153.74586781147798,149.14536947505928,3260.2414507541744,0.025825824339619885,0.0168005576929134,149.1711952993989,3260.805990057729
A1,max_delta_deg,True,13.46393496665243,4.046630031916315,3.6000000000000565,-9.417304934736114,-69.9446703958461,-0.44663003191625883,-11.037085881180827,-9.863934966652373,-73.26190293612854
A1,rms_delta_deg,True,3.5485459094152905,0.7897403165047964,1.1281430956236629,-2.758805592910494,-77.74467805504803,0.3384027791188665,42.84988015004186,-2.4204028137916276,-68.20829927463015
A2,q_range_deg,False,105.76056827902718,81.19898883321981,34.90272781387799,-24.561579445807368,-23.22375895428887,-46.29626101934183,-57.015809783583514,-70.8578404651492,-66.99835450789709
A2,planned_accumulated_joint_path_deg,False,230.22591648521058,147.321681474,127.41579276045802,-82.90423501121057,-36.00994895660942,-19.905888713541984,-13.511852779833404,-102.81012372475256,-44.65619044733261
A2,min_joint_margin_to_configured_limits_deg,False,53.79594086245532,53.8067373120258,99.98383409266371,0.010796449570484867,0.020069264329978118,46.17709678063791,85.82028773247572,46.187893230208395,85.85758049719946
A2,max_delta_deg,True,2.794917572194052,3.369892262758981,2.9999999999999005,0.5749746905649289,20.572151976330563,-0.3698922627590804,-10.976382445421091,0.2050824278058485,7.337691452734177
A2,rms_delta_deg,True,0.8632995045881471,0.7725887675578453,0.9563401821744693,-0.09071073703030175,-10.507446899738113,0.18375141461662392,23.78385789861565,0.09304067758632217,10.777334759471332
A3,q_range_deg,False,203.75698734849237,193.59882254425375,23.20114770581226,-10.158164804238623,-4.9854313888459565,-170.3976748384415,-88.015863216054,-180.5558396426801,-88.61332413296307
A3,planned_accumulated_joint_path_deg,False,636.4432460566774,239.75050071743829,68.82806984324284,-396.6927453392391,-62.32963391427242,-170.92243087419544,-71.29179307768736,-567.6151762134346,-89.18551335571664
A3,min_joint_margin_to_configured_limits_deg,False,29.372300367268664,39.54199062840422,42.95012968595249,10.169690261135557,34.62340413918775,3.4081390575482686,8.619037644250763,13.577829318683825,46.22664601991618
A3,max_delta_deg,True,10.585516465723307,4.6836000000009586,2.200953648205754,-5.901916465722349,-55.75463875412404,-2.4826463517952044,-53.00722418213973,-8.384562817517553,-79.20787657992308
A3,rms_delta_deg,True,3.062627823310417,1.602870190567803,0.5647588658830819,-1.459757632742614,-47.66356596227716,-1.0381113246847211,-64.76577646733695,-2.497868957427335,-81.55966384212398
A4,q_range_deg,False,360.00780130441143,0.10529424434686942,0.3258218526836932,-359.9025070600646,-99.97075223260015,0.22052760833682378,209.43937601218033,-359.6819794517277,-99.90949589106037
A4,planned_accumulated_joint_path_deg,False,1620.1487418290944,0.4025688132099805,1.7540900735908749,-1619.7461730158846,-99.97515235466865,1.3515212603808944,335.724282664673,-1618.3946517555034,-99.89173277562092
A4,min_joint_margin_to_configured_limits_deg,False,4.952224969912521,184.937779395861,184.8266308306469,179.9855544259485,3634.438167075594,-0.11114856521410843,-0.0601005189838437,179.87440586073438,3632.19375035605
A4,max_delta_deg,True,9.985300801247945,0.01612546339420394,0.06156637946500722,-9.969175337853741,-99.83850798573651,0.04544091607080328,281.79603252292486,-9.923734421782937,-99.38342989670062
A4,rms_delta_deg,True,4.992308248008361,0.002784046367305654,0.01420779131430715,-4.989524201641055,-99.94423328390397,0.011423744947001498,410.32883220465817,-4.978100456694054,-99.71540636898823
A5,q_range_deg,False,148.20186611301963,89.9966354328039,90.23377354864463,-58.205230680215735,-39.27428999836485,0.23713811584073596,0.2634966459582763,-57.968092564375,-39.114279789276196
A5,planned_accumulated_joint_path_deg,False,855.9783677868885,243.64091876357182,270.9294676833184,-612.3374490233167,-71.53655653781304,27.288548919746603,11.200314404587886,-585.0489001035701,-68.34856137967597
A5,min_joint_margin_to_configured_limits_deg,False,29.95847464208488,30.00728056719609,29.78502125931729,0.04880592511121051,0.16291191622503112,-0.22225930787880088,-0.7406846061278022,-0.17345338276759037,-0.5789793533877977
A5,max_delta_deg,True,8.173489233300645,5.047880000000223,3.880000000000493,-3.1256092333004215,-38.24081911756832,-1.1678799999997302,-23.13604919292215,-4.293489233300152,-52.52945358767349
A5,rms_delta_deg,True,2.8420102379692733,1.4097507768384707,1.9212064831155233,-1.4322594611308026,-50.39599935270492,0.5114557062770526,36.279866958048515,-0.92080375485375,-32.39973391199674
A6,q_range_deg,False,374.1916663702736,360.02952455405,33.83529031512949,-14.162141816223595,-3.784729348357465,-326.1942342389205,-90.60207899420485,-340.3563760551441,-90.95776486864662
A6,planned_accumulated_joint_path_deg,False,1278.1579000800357,770.053719081312,68.0543069922362,-508.1041809987237,-39.752849078107424,-701.9994120890758,-91.16239486857796,-1210.1035930877995,-94.67559469859125
A6,min_joint_margin_to_configured_limits_deg,False,155.7958377003062,13.1935618053638,326.8200670111606,-142.6022758949424,-91.53150559083399,313.6265052057968,2377.1177930003173,171.02422931085437,109.7745818086886
A6,max_delta_deg,True,9.984001286387269,8.001150000002731,3.562153302553853,-1.9828512863845376,-19.860286767871965,-4.438996697448879,-55.47948354233284,-6.421847983833416,-64.32138578136316
A6,rms_delta_deg,True,4.36757566951543,4.089969065455688,0.7230611352487519,-0.27760660405974225,-6.356080010184274,-3.366907930206936,-82.32110992340253,-3.644514534266678,-83.44479432158359
