trajectory,sample,progress_percent,A1_deg,A2_deg,A3_deg,A4_deg,A5_deg,A6_deg,delta_A1_deg,delta_A2_deg,delta_A3_deg,delta_A4_deg,delta_A5_deg,delta_A6_deg,delta_norm_deg
16:41 P5 aux,0,0.0,0.0,-90.0,90.0,-0.004938,-0.003916,1e-06,0.0,0.0,0.0,0.0,0.0,0.0,0.0
16:41 P5 aux,1,1.5151515151515151,-0.00042381689976849364,-90.00059695364496,90.00049699792962,-0.004449974978500298,0.28256289756541125,0.00035326915288798306,0.00042381689976849364,0.0005969536449583757,0.0004969979296163274,0.00048802502149970176,0.28647889756541123,0.00035226915288798303,0.28648089638513746
16:41 P5 aux,2,3.0303030303030303,-0.0016952675990739713,-90.00238781457986,90.00198799171845,-0.0029858999140011965,1.1419995902616427,0.0014100766115519297,0.0012714506993054776,0.0017908609349035487,0.0014909937888347713,0.0014640750644991014,0.8594366926962314,0.0010568074586639466,0.8594426891554101
16:41 P5 aux,3,4.545454545454546,-0.003814352097916437,-90.00537258280468,90.00447298136653,-0.0005457748065026914,2.5743940780886976,0.0031714223759918424,0.002119084498842466,0.0029847682248203,0.002484989648081637,0.0024401251074985053,1.432394487827055,0.0017613457644399127,1.432404481925686
16:41 P5 aux,4,6.0606060606060606,-0.006781070396295904,-90.00955125831943,90.00795196687383,0.0028704003439952337,4.579746361046584,0.005637306446207734,0.002966718298379467,0.004178675514751262,0.003478985507300081,0.0034161751504979253,2.0053522829578863,0.0024658840702158915,2.00536627469597
16:41 P5 aux,5,7.575757575757576,-0.01059542249421238,-90.01492384112412,90.01242494824037,0.007262625537492586,7.158056439135308,0.00880772882219961,0.0038143520979164753,0.005372582804682224,0.004472981366532736,0.004392225193497352,2.578310078088724,0.0031704223759918757,2.57832806746626
16:41 P5 aux,6,9.090909090909092,-0.015257408391665839,-90.02149033121873,90.01789192546613,0.012630900773989335,10.309324312354851,0.012682689503967446,0.004661985897453459,0.0065664900946131866,0.00546697722576539,0.005368275236496749,3.1512678732195436,0.003874960681767837,3.151289860236532
16:41 P5 aux,7,10.606060606060606,-0.020744966241757583,-90.02921965409934,90.02432702725565,0.018949821843995632,14.018637282364852,0.017243851072398435,0.005487557850091744,0.007729322880607015,0.006435101789520559,0.0063189210700062975,3.70931297001,0.004561161568430989,3.709338850617606
16:41 P5 aux,8,12.121212121212121,-0.02648503849516423,-90.03730464801039,90.03105824544761,0.025559513166849453,17.89863728236482,0.02201489817157712,0.005740072253406649,0.008084993911054994,0.0067312181919589875,0.006609691322853821,3.879999999999969,0.004771047099178683,3.880027071524621
16:41 P5 aux,9,13.636363636363637,-0.032225110748570866,-90.04538964192146,90.03778946363957,0.03216920448970326,21.778637282364777,0.02678594527075579,0.005740072253406635,0.008084993911069205,0.0067312181919589875,0.006609691322853804,3.8799999999999564,0.004771047099178673,3.8800270715246086
16:41 P5 aux,10,15.151515151515152,-0.03796518300197749,-90.05347463583252,90.04452068183153,0.03877889581255705,25.658637282364733,0.03155699236993446,0.005740072253406621,0.008084993911054994,0.0067312181919589875,0.006609691322853793,3.8799999999999564,0.004771047099178666,3.8800270715246086
16:41 P5 aux,11,16.666666666666668,-0.04370525525538475,-90.06155962974357,90.0512519000235,0.04538858713541158,29.538637282365123,0.036328039469113664,0.005740072253407266,0.008084993911054994,0.006731218191973198,0.006609691322854529,3.88000000000039,0.004771047099179207,3.880027071525042
16:41 P5 aux,12,18.181818181818183,-0.049445327508792034,-90.06964462365465,90.05798311821543,0.051998278458266114,33.41863728236551,0.041099086568292864,0.00574007225340728,0.008084993911083416,0.006731218191930566,0.006609691322854536,3.8800000000003863,0.0047710470991792,3.8800270715250385
16:41 P5 aux,13,19.696969696969695,-0.0551853997621993,-90.07772961756572,90.06471433640742,0.05860796978112066,37.298637282365895,0.045870133667472064,0.005740072253407266,0.008084993911069205,0.006731218191987409,0.006609691322854543,3.8800000000003863,0.0047710470991792,3.880027071525039
16:41 P5 aux,14,21.21212121212121,-0.060925472015606566,-90.08581461147676,90.07144555459938,0.0652176611039752,41.17863728236629,0.05064118076665127,0.005740072253407266,0.008084993911040783,0.0067312181919589875,0.006609691322854543,3.8800000000003934,0.004771047099179207,3.8800270715250456
16:41 P5 aux,15,22.727272727272727,-0.06666554426901382,-90.09389960538782,90.07817677279132,0.07182735242682972,45.05863728236668,0.055412227865830464,0.005740072253407252,0.008084993911054994,0.006731218191944777,0.006609691322854522,3.8800000000003934,0.004771047099179193,3.8800270715250456
16:41 P5 aux,16,24.242424242424242,-0.0724056165224211,-90.10198459929889,90.0849079909833,0.07843704374968426,48.93863728236706,0.060183274965009664,0.00574007225340728,0.008084993911069205,0.006731218191973198,0.006609691322854536,3.880000000000379,0.0047710470991792,3.8800270715250313
16:41 P5 aux,17,25.757575757575758,-0.07814568877582836,-90.11006959320994,90.09163920917524,0.0850467350725388,52.81863728236746,0.06495432206418887,0.005740072253407266,0.008084993911054994,0.006731218191944777,0.0066096913228545495,3.8800000000004005,0.004771047099179207,3.8800270715250527
16:41 P5 aux,18,27.272727272727273,-0.08388576102923563,-90.118154587121,90.09837042736719,0.09165642639539333,56.69863728236784,0.06972536916336806,0.005740072253407266,0.008084993911054994,0.006731218191944777,0.006609691322854522,3.880000000000379,0.004771047099179193,3.8800270715250313
16:41 P5 aux,19,28.78787878787879,-0.08962583328264263,-90.12623958103207,90.10510164555916,0.09826611771824756,60.57863728236804,0.07449641626254705,0.0057400722534070026,0.008084993911069205,0.006731218191973198,0.00660969132285423,3.8800000000002015,0.004771047099178985,3.8800270715248537
16:41 P5 aux,20,30.303030303030305,-0.09536590553604957,-90.13432457494314,90.1118328637511,0.10487580904110169,64.45863728236822,0.07926746336172596,0.005740072253406933,0.008084993911069205,0.006731218191944777,0.006609691322854133,3.880000000000173,0.0047710470991789156,3.8800270715248253
16:41 P5 aux,21,31.818181818181817,-0.10110597778945524,-90.1424095688542,90.11856408194308,0.1114855003639544,68.33863728236753,0.08403851046090384,0.00574007225340567,0.008084993911069205,0.006731218191973198,0.006609691322852704,3.8799999999993133,0.004771047099177875,3.8800270715239655
16:41 P5 aux,22,33.333333333333336,-0.1068460500428609,-90.15049456276526,90.12529530013502,0.1180951916868071,72.21863728236683,0.08880955756008173,0.005740072253405656,0.008084993911054994,0.006731218191944777,0.006609691322852704,3.879999999999299,0.004771047099177889,3.8800270715239513
16:41 P5 aux,23,34.84848484848485,-0.11258612229626655,-90.15857955667632,90.132026518327,0.12470488300965978,76.09863728236614,0.09358060465925959,0.005740072253405656,0.008084993911054994,0.006731218191973198,0.006609691322852676,3.8799999999993133,0.004771047099177861,3.8800270715239655
16:41 P5 aux,24,36.36363636363637,-0.11803763637033393,-90.166258111257,90.13841935261357,0.13098229968335995,79.78358647352447,0.09811180727500624,0.005451514074067382,0.007678554580678565,0.006392834286572224,0.006277416673700173,3.6849491911583243,0.004531202615746646,3.6849749017750435
16:41 P5 aux,25,37.878787878787875,-0.12265447530268758,-90.1727610110479,90.1438333872875,0.13629858820430685,82.90433727015437,0.1019492425934394,0.004616838932353651,0.006502899790902461,0.005414034673933088,0.005316288520946899,3.120750796629906,0.003837435318433169,3.120772570723237
16:41 P5 aux,26,39.39393939393939,-0.12642368043550412,-90.17807000354887,90.1482534261022,0.14063882668225425,85.45213027165339,0.10508213960609657,0.0037692051328165332,0.005308992500971499,0.004420038814700433,0.0043402384779474,2.5477930014990164,0.0031328970126571626,2.547810777952895
16:41 P5 aux,27,40.90909090909091,-0.12934525176878367,-90.18218508875991,90.15167946905768,0.14400301511720218,87.42696547802154,0.10751049831297771,0.0029215713332795545,0.004115085211040537,0.0034260429554819893,0.003364188434947929,1.9748352063681551,0.0024283587068811424,1.9748489851825812
16:41 P5 aux,28,42.42424242424242,-0.13141918930252633,-90.18510626668102,90.15411151615392,0.14639115350915083,88.82884288925898,0.109234318714083,0.002073937533742659,0.0029211779211095745,0.0024320470962351237,0.002388138391948652,1.401877411237436,0.0017238204011052888,1.4018871924124097
16:41 P5 aux,29,43.93939393939394,-0.13264549303673198,-90.1868335373122,90.15554956739093,0.1478032418581001,89.65776250536555,0.11025360080941228,0.0012263037342056526,0.0017272706311786123,0.0014380512370166798,0.0014120883489492642,0.8289196161065746,0.0010192820953292825,0.8289253996420959
16:41 P5 aux,30,45.45454545454545,-0.13302536528804898,-90.18736859413784,90.15599503269098,0.14824066463127733,89.91453703189441,0.11056934394341705,0.0003798722513169983,0.0005350568256403676,0.0004454653000465214,0.0004374227731772373,0.2567745265288579,0.00031574313400477283,0.2567763180953334
16:41 P5 aux,31,46.96969696969697,-0.13302536528804898,-90.18736859413784,90.15599503269098,0.14824066463127733,89.91453703189441,0.11056934394341705,0.0,0.0,0.0,0.0,0.0,0.0,0.0
16:41 P5 aux,32,48.484848484848484,-0.2553554884151836,-89.95346680513171,90.2122179105491,0.14566693314752166,89.628058134329,-0.013852548914737365,0.1223301231271346,0.23390178900612568,0.056222877858118636,0.00257373148375567,0.28647889756541645,0.12442189285815441,0.41278724324483174
16:41 P5 aux,33,50.0,-0.6223458577965871,-89.25176143811333,90.38088654412346,0.1379457386962547,88.76862144163276,-0.3871182274892002,0.36699036938140356,0.701705367018377,0.1686686335743559,0.007721194451266955,0.8594366926962351,0.37326567857446286,1.238361729734485
16:41 P5 aux,34,51.515151515151516,-1.2339964734322568,-88.08225249308268,90.66200093341402,0.12507708127747647,87.3362269538057,-1.0092276917799687,0.6116506156356697,1.1695089450306568,0.28111438929056476,0.01286865741877824,1.4323944878270538,0.6221094642907685,2.0639362162241492
16:41 P5 aux,35,53.03030303030303,-2.09030733532219,-86.44493997003978,91.05556107842085,0.10706096089118701,85.33087467084785,-1.8801809417870403,0.8563108618899333,1.637312523042894,0.39356014500683045,0.018016120386289455,2.0053522829578583,0.8709532500070716,2.8895107027137854
16:41 P5 aux,36,54.54545454545455,-3.191278375093568,-84.33982399971715,91.56156694771978,0.08389737897589777,82.75256475287813,-2.999977907968463,1.1009710397713777,2.105115970322629,0.5060058692989315,0.023163581915289236,2.578309917969719,1.1197969661814227,3.7150849584881507
16:41 P5 aux,37,56.06060606060606,-4.536909386249919,-81.76690497694719,92.18001844640513,0.05558633987613529,79.60129768348047,-4.368618380296803,1.345631011156351,2.572919022769966,0.6184514986853458,0.028311039099762486,3.1512670693976617,1.3686404723283396,4.540658517466772
16:41 P5 aux,38,57.57575757575758,-6.085040778689709,-78.80679431040365,92.89153904297153,0.023014848865929926,75.97580493275683,-5.943221865656678,1.5481313924397906,2.9601106665435424,0.7115205965664018,0.03257149101020536,3.6254927507236374,1.5746034853598756,5.223969970191671
16:41 P5 aux,39,59.09090909090909,-7.654034205122124,-75.80679431040366,93.61264782239148,-0.009995563256503845,72.30145641089194,-7.539044112936182,1.5689934264324146,2.999999999999986,0.72110877941995,0.033010412122433774,3.6743485218648857,1.5958222472795036,5.294366216677492
16:41 P5 aux,40,60.60606060606061,-9.223009545078712,-72.80682889272033,94.33374828927403,-0.043005594853429446,68.62715024485507,-9.134847964472268,1.5689753399565882,2.9999654176833275,0.7211004668825467,0.0330100315969256,3.674306166036871,1.5958038515360862,5.294305186194505
16:41 P5 aux,41,62.121212121212125,-10.66669798751492,-70.046418776053,94.99726694591686,-0.07337968671280445,65.24624730088254,-10.603222589736665,1.4436884424362084,2.7604101166673303,0.6635186566428359,0.030374091859375008,3.3809029439725293,1.4683746252643974,4.871540688619474
16:41 P5 aux,42,63.63636363636363,-11.865726183696864,-67.75381223739794,95.54833984684345,-0.09860631560466827,62.43830215204083,-11.82275342928476,1.1990281961819438,2.2926065386550647,0.5510729009265845,0.02522662889186382,2.8079451488417106,1.219530839548094,4.045966202129813
16:41 P5 aux,43,65.15151515151516,-12.820094133624545,-65.9290092767551,95.98696699205381,-0.1186854815290209,60.203314798329934,-12.793440483116548,0.9543679499276809,1.8248029606428418,0.4386271452103614,0.020079165924352632,2.234987353710899,0.9706870538317887,3.2203917156401856
16:41 P5 aux,44,66.66666666666667,-13.52980183729796,-64.57200989412452,96.31314838154793,-0.13361718448586218,58.54128523974985,-13.515283751232031,0.7097077036734145,1.3569993826305762,0.3261813894941241,0.014931702956841278,1.6620295585800875,0.7218432681154834,2.394817229150531
16:41 P5 aux,45,68.18181818181819,-13.994849294717108,-63.682814089506216,96.52688401532582,-0.14340142447519227,57.45221347630057,-13.98828323363121,0.4650474574191481,0.8891958046183035,0.21373563377788685,0.00978423998933009,1.089071763449276,0.4729994823991781,1.5692427426608722
16:41 P5 aux,46,69.6969696969697,-14.215236505881988,-63.26142186290015,96.62817389338747,-0.14803820149701105,56.936099507982114,-14.212438930314079,0.22038721116487991,0.42139222660606634,0.10128987806164957,0.004636777021818778,0.5161139683184572,0.22415569668286928,0.743668256171227
16:41 P5 aux,47,71.21212121212122,-14.234886597512425,-63.22384982856387,96.63720506799432,-0.1484516242762506,56.8900819250398,-14.232425026403872,0.01965009163043696,0.03757203433627865,0.009031174606846548,0.0004134227792395584,0.046017582942312174,0.019986096089793293,0.0663067030939395
16:41 P5 aux,48,72.72727272727273,-14.234886597512425,-63.22384982856387,96.63720506799432,-0.1484516242762506,56.8900819250398,-14.232425026403872,0.0,0.0,0.0,0.0,0.0,0.0,0.0
16:41 P5 aux,49,74.24242424242425,-14.23732682473067,-63.06150743663069,96.7502431638546,-0.14393479456299954,56.60360302747439,-14.234351913065368,0.002440227218245994,0.1623423919331799,0.1130380958602899,0.004516829713251069,0.28647889756540934,0.0019268866614954305,0.34818513959722636
16:41 P5 aux,50,75.75757575757575,-14.244647506385412,-62.57448026083119,97.08935745143542,-0.1303843054232464,55.74416633477815,-14.240132573049857,0.007320681654741534,0.48702717579950416,0.33911428758081286,0.013550489139753152,0.8594366926962422,0.005780659984489844,1.044555418791656
16:41 P5 aux,51,77.27272727272727,-14.256848642476646,-61.762768301165316,97.65454793073681,-0.10780015685699104,54.31177184695109,-14.249767006357336,0.012201136091233522,0.8117119596658711,0.5651904793013927,0.022584148566255347,1.432394487827061,0.009634433307478929,1.7409256979861119
16:41 P5 aux,52,78.78787878787878,-14.273930233004377,-60.626371557633114,98.44581460175876,-0.07618234886423361,52.306419563993195,-14.263255212987811,0.01708159052773084,1.1363967435322024,0.791266671021944,0.03161780799275743,2.005352282957894,0.01348820663047512,2.437295977180554
16:41 P5 aux,53,80.3030303030303,-14.292470283334024,-59.392947024634715,99.30464117772101,-0.04186495022695495,50.12984635821604,-14.277895069234201,0.018540050329647784,1.2334245329983986,0.8588265759622544,0.03431739863727866,2.176573205777153,0.014639856246390082,2.645397102325995
16:41 P5 aux,54,81.81818181818181,-14.30625898412373,-58.475618240203026,99.94337205900965,-0.016342239485775848,48.5110742325892,-14.288783097788416,0.013788700789705288,0.9173287844316889,0.6387308812886374,0.025522710741179105,1.6187721256268404,0.010888028554214557,1.967448225078353
16:41 P5 aux,55,83.33333333333333,-14.315167230476941,-57.8829742396377,100.35602674857773,0.00014681182890105131,47.465259902093194,-14.295817353019638,0.008908246353211524,0.5926440005653291,0.41265468956808604,0.0164890513146769,1.0458143304960075,0.00703425523122192,1.2710779458838979
16:41 P5 aux,56,84.84848484848484,-14.319195022393659,-57.61501502293871,100.54260524642525,0.007602203717075806,46.992403366728006,-14.298997834927867,0.00402779191671776,0.2679592166989906,0.18657849784752045,0.007455391888174755,0.4728565353651888,0.0031804819082292823,0.5747076666894596
16:41 P5 aux,57,86.36363636363636,-14.319453232126444,-57.59783695635244,100.55456623772488,0.008080146666228786,46.9620899438485,-14.29920172614187,0.0002582097327845645,0.017178066586268415,0.011960991299631019,0.0004779429491529796,0.030313422879508778,0.0002038912140029936,0.03684279528673067
16:41 P5 aux,58,87.87878787878788,-14.319453232126444,-57.59783695635244,100.55456623772488,0.008080146666228786,46.9620899438485,-14.29920172614187,0.0,0.0,0.0,0.0,0.0,0.0,0.0
16:41 P5 aux,59,89.39393939393939,-14.170869868074245,-57.82429925035687,100.48364482366564,0.005335198166494613,47.248568841413906,-14.34440688890959,0.14858336405219852,0.22646229400443474,0.07092141405924224,0.002744948499734172,0.28647889756540934,0.04520516276772035,0.40312930169412925
16:41 P5 aux,60,90.9090909090909,-13.725119775917644,-58.50368613237018,100.2708805814879,-0.0028996473327078903,48.108005534110134,-14.480022377212752,0.4457500921566009,0.6793868820133042,0.21276424217774093,0.008234845499202503,0.859436692696228,0.13561548830316106,1.2093879050823921
16:41 P5 aux,61,92.42424242424242,-12.982202955656645,-59.63599760239238,99.91627351119172,-0.016624389831378768,49.5404000219372,-14.706048191051353,0.7429168202609997,1.1323114700222021,0.35460707029618277,0.013724742498670877,1.432394487827068,0.22602581383860176,2.015646508470675
16:41 P5 aux,62,93.93939393939394,-11.942917813720545,-61.22001677485431,99.42020470599914,-0.035824279464724766,51.54421292264233,-15.022241422393117,1.0392851419360998,1.5840191724619288,0.49606880519257857,0.019199889633346,2.003812900705128,0.3161932313417637,2.8197389135879027
16:41 P5 aux,63,95.45454545454545,-10.933640657956081,-62.75829948529555,98.93845923253309,-0.05446979763699029,53.49016837173136,-15.329304991690458,1.0092771557644635,1.5382827104412442,0.4817454734660487,0.01864551817226552,1.945955449089027,0.30706356929734113,2.7383226757218195
16:41 P5 aux,64,96.96969696969697,-10.221530230296016,-63.8436576077279,98.59855658718553,-0.06762541880978742,54.86316602568956,-15.545958235452357,0.7121104276600647,1.0853581224323463,0.3399026453475642,0.013155621172797137,1.3729976539582012,0.21665324376189865,1.9320640723335392
16:41 P5 aux,65,98.48484848484848,-9.806586530740358,-64.47609114215138,98.40049676995645,-0.07529114298311618,55.66320588451694,-15.672201153678813,0.4149436995556588,0.6324335344234768,0.19805981722907973,0.007665724173328753,0.8000398588273825,0.12624291822645617,1.1258054689452772
16:41 P5 aux,66,100.0,-9.687212755651057,-64.65803384565078,98.34351759880275,-0.0774964697162211,55.89336669494111,-15.708519559629114,0.1193737750893007,0.18194270349940211,0.056979171153699326,0.0022053267331049176,0.23016081042416658,0.03631840595030056,0.3238792370822566
19:39 P5=P3,0,0.0,0.0,-90.0,90.0,-0.004938,-0.003916,1e-06,0.0,0.0,0.0,0.0,0.0,0.0,0.0
19:39 P5=P3,1,1.4705882352941178,-0.0006366454709037103,-90.00005133283139,89.9995196374269,-0.004732212730653279,0.2825628975654114,-0.0005608033490608861,0.0006366454709037103,5.133283139002742e-05,0.00048036257310002384,0.00020578726934672095,0.2864788975654114,0.0005618033490608861,0.28648063708113597
19:39 P5=P3,2,2.9411764705882355,-0.0025465818836148428,-90.00020533132555,89.99807854970763,-0.004114850922613112,1.1419995902616464,-0.0022462133962435457,0.0019099364127111325,0.0001539984941558714,0.0014410877192716498,0.0006173618080401663,0.859436692696235,0.0016854100471826597,0.8594419112434087
19:39 P5=P3,3,4.411764705882353,-0.005729809238133399,-90.0004619954825,89.99567673684216,-0.0030859145758795033,2.5743940780887065,-0.005055230141547981,0.0031832273545185563,0.0002566641569501371,0.0024018128654716975,0.001028936346733609,1.43239448782706,0.002809016745304435,1.432403185405683
19:39 P5=P3,4,5.882352941176471,-0.010186327534459373,-90.00082132530223,89.9923141988305,-0.0016454036904524525,4.579746361046587,-0.008987853584974184,0.004456518296325974,0.00035932981973019196,0.0033625380116575343,0.0014405108854270508,2.005352282957881,0.003932623443426203,2.005364459567953
19:39 P5=P3,5,7.352941176470588,-0.015916136772592775,-90.00128332078472,89.98799093567264,0.00020668173366804497,7.1580564391352945,-0.01404408372652217,0.0057298092381334025,0.00046199548249603595,0.004323263157857582,0.0018520854241204975,2.578310078088707,0.005056230141547985,2.578325733730228
19:39 P5=P3,6,8.823529411764707,-0.022919236952533572,-90.00184798193,89.98270694736861,0.002470341696481976,10.309324312354812,-0.020223920566191902,0.007003100179940797,0.0005646611452760908,0.005283988304029208,0.002263659962813931,3.151267873219518,0.006179836839669732,3.1512870078924884
19:39 P5=P3,7,10.294117647058824,-0.03116248740689565,-90.00251263660049,89.97648723925808,0.005134863913433175,14.018637282364764,-0.027498119353524076,0.00824325045436208,0.0006646546704871525,0.006219708110535294,0.0026645222169511995,3.709312970009952,0.007274198787332174,3.7093354931636418
19:39 P5=P3,8,11.764705882352942,-0.03978505768379506,-90.00320787589203,89.96998132625909,0.007921996270653235,17.898637282364813,-0.035107046268842694,0.00862257027689941,0.0006952392915451355,0.006505912998989061,0.0027871323572200594,3.8800000000000487,0.007608926915318618,3.880023559574833
19:39 P5=P3,9,13.235294117647058,-0.04840762796069445,-90.0039031151836,89.96347541326013,0.010709128627873292,21.778637282364855,-0.0427159731841613,0.008622570276899388,0.0006952392915735572,0.006505912998960639,0.002787132357220057,3.8800000000000416,0.007608926915318608,3.880023559574826
19:39 P5=P3,10,14.705882352941176,-0.05703019823759386,-90.00459835447518,89.95696950026112,0.013496260985093352,25.658637282364904,-0.050324900099479916,0.00862257027689941,0.0006952392915735572,0.006505912999003272,0.0027871323572200603,3.8800000000000487,0.0076089269153186145,3.880023559574833
19:39 P5=P3,11,16.176470588235293,-0.06565276851449232,-90.00529359376672,89.95046358726215,0.016283393342313105,29.538637282364522,-0.057933827014797705,0.008622570276898466,0.0006952392915451355,0.00650591299897485,0.0027871323572197532,3.879999999999619,0.007608926915317789,3.8800235595744033
19:39 P5=P3,12,17.647058823529413,-0.07427533879139078,-90.00598883305828,89.94395767426316,0.01907052569953286,33.41863728236415,-0.0655427539301155,0.008622570276898459,0.0006952392915593464,0.006505912998989061,0.002787132357219755,3.8799999999996295,0.007608926915317789,3.8800235595744144
19:39 P5=P3,13,19.11764705882353,-0.08289790906828921,-90.00668407234986,89.93745176126417,0.021857658056752608,37.29863728236376,-0.07315168084543323,0.00862257027689843,0.0006952392915735572,0.006505912998989061,0.002787132357219748,3.8799999999996047,0.00760892691531774,3.880023559574389
19:39 P5=P3,14,20.58823529411765,-0.09152047934518767,-90.0073793116414,89.93094584826521,0.02464479041397236,41.178637282363376,-0.08076060776075103,0.008622570276898459,0.0006952392915451355,0.006505912998960639,0.0027871323572197515,3.879999999999619,0.007608926915317796,3.8800235595744033
19:39 P5=P3,15,22.058823529411764,-0.1001430496220861,-90.00807455093296,89.92443993526622,0.027431922771192108,45.05863728236299,-0.08836953467606878,0.00862257027689843,0.0006952392915593464,0.006505912998989061,0.002787132357219748,3.8799999999996118,0.007608926915317754,3.880023559574396
19:39 P5=P3,16,23.529411764705884,-0.10876561989898456,-90.00876979022453,89.91793402226725,0.03021905512841186,48.93863728236261,-0.09597846159138657,0.008622570276898459,0.0006952392915735572,0.00650591299897485,0.0027871323572197515,3.879999999999626,0.007608926915317782,3.8800235595744104
19:39 P5=P3,17,25.0,-0.117388190175883,-90.00946502951608,89.91142810926826,0.03300618748563162,52.818637282362225,-0.10358738850670436,0.008622570276898445,0.0006952392915451355,0.006505912998989061,0.0027871323572197584,3.8799999999996118,0.007608926915317796,3.880023559574396
19:39 P5=P3,18,26.470588235294116,-0.12601076045278145,-90.01016026880764,89.90492219626928,0.03579331984285136,56.698637282361844,-0.11119631542202212,0.008622570276898445,0.0006952392915593464,0.00650591299897485,0.0027871323572197446,3.879999999999619,0.007608926915317754,3.8800235595744033
19:39 P5=P3,19,27.941176470588236,-0.13463333072967992,-90.0108555080992,89.89841628327031,0.03858045220007112,60.57863728236147,-0.11880524233733991,0.008622570276898472,0.0006952392915593464,0.00650591299897485,0.0027871323572197584,3.879999999999626,0.007608926915317796,3.8800235595744104
19:39 P5=P3,20,29.41176470588235,-0.14325590100657837,-90.01155074739076,89.8919103702713,0.041367584557290865,64.45863728236107,-0.12641416925265767,0.008622570276898445,0.0006952392915593464,0.006505912999003272,0.0027871323572197446,3.8799999999995975,0.007608926915317754,3.880023559574382
19:39 P5=P3,21,30.88235294117647,-0.1518784712834787,-90.01224598668232,89.88540445727233,0.04415471691451123,68.33863728236155,-0.1340230961679771,0.008622570276900332,0.0006952392915593464,0.00650591299897485,0.002787132357220362,3.8800000000004786,0.007608926915319447,3.8800235595752635
19:39 P5=P3,22,32.35294117647059,-0.1605010415603791,-90.01294122597386,89.87889854427334,0.0469418492717316,72.21863728236204,-0.1416320230832966,0.008622570276900388,0.0006952392915451355,0.006505912998989061,0.002787132357220376,3.880000000000493,0.007608926915319475,3.8800235595752772
19:39 P5=P3,23,33.8235294117647,-0.16912361183727942,-90.01363646526544,89.87239263127435,0.04972898162895196,76.09863728236252,-0.14924094999861603,0.008622570276900332,0.0006952392915735572,0.006505912998989061,0.002787132357220355,3.8800000000004786,0.007608926915319447,3.8800235595752635
19:39 P5=P3,24,35.294117647058826,-0.17739025598797153,-90.01430300617358,89.86615527212149,0.05240106555034889,79.81847699078637,-0.15653579238987816,0.008266644150692115,0.0006665409081421103,0.006237359152862609,0.0026720839213969297,3.719839708423848,0.00729484239126213,3.719862295496476
19:39 P5=P3,25,36.76470588235294,-0.1844241329897696,-90.01487014885919,89.86084806204958,0.054674673715763206,82.98359387479633,-0.16274278802103084,0.007033877001798056,0.0005671426856110884,0.005307210071904933,0.0022736081654143175,3.1651168840099615,0.006206995631152679,3.165136102774892
19:39 P5=P3,26,38.23529411764706,-0.19018471904976006,-90.01533462588202,89.85650157712388,0.05653670734248405,85.5757529636754,-0.16782617695406166,0.005760586059990469,0.00046447702283103354,0.004346484925704885,0.001862033626720841,2.5921590888790718,0.0050833889330308135,2.592174828612553
19:39 P5=P3,27,39.705882352941174,-0.19467201416794308,-90.01569643724206,89.85311581734435,0.05798716643051143,87.59495425742365,-0.17178595918897066,0.004487295118183021,0.00036181136003676784,0.0033857597795332595,0.0014504590880273852,2.019201293748253,0.003959782234909004,2.019213554450286
19:39 P5=P3,28,41.1764705882353,-0.19788601834431882,-90.01595558293933,89.85069078271101,0.05902605097984542,89.04119775604111,-0.17462213472575802,0.00321400417637574,0.00025914569727092385,0.002425034633333212,0.0010388845493339849,1.4462434986174628,0.002836175536787361,1.446252280288046
19:39 P5=P3,29,42.64705882352941,-0.19982673157888714,-90.01611206297382,89.84922647322387,0.05965336099048595,89.91448345952776,-0.17633470356442357,0.0019407132345683198,0.000156480034490869,0.001464309487147375,0.000627310010640536,0.8732857034866441,0.0017125688386655513,0.873291006125778
19:39 P5=P3,30,44.11764705882353,-0.20049415387164804,-90.01616587734553,89.84872288888289,0.059869096462433054,90.21481136788358,-0.1769236657049674,0.0006674222927608997,5.381437171081416e-05,0.000503584340975749,0.00021573547194710108,0.30032790835582546,0.000588962140543825,0.3003297319635102
19:39 P5=P3,31,45.588235294117645,-0.20049452582621574,-90.01616590733629,89.84872260823525,0.059869216691851634,90.2149787406827,-0.1769239939336777,3.719545677016711e-07,2.999075832121889e-08,2.8064764023838507e-07,1.2022941858064184e-07,0.00016737279911183123,3.282287102945869e-07,0.00016737381540872143
19:39 P5=P3,32,47.05882352941177,-0.20049452582621574,-90.01616590733629,89.84872260823525,0.059869216691851634,90.2149787406827,-0.1769239939336777,0.0,0.0,0.0,0.0,0.0,0.0,0.0
19:39 P5=P3,33,48.529411764705884,-0.32077089414024523,-89.78804781676295,89.90767556109455,0.06044763728212602,89.92849984311728,-0.2978555354499213,0.12027636831402949,0.2281180905733322,0.05895295285930047,0.000578420590274388,0.28647889756541645,0.12093154151624363,0.4082580675585439
19:39 P5=P3,34,50.0,-0.6815999990823334,-89.10369354504301,90.08453441967247,0.06218289905294921,89.06906315042104,-0.660650159998652,0.36082910494208814,0.6843542717199398,0.1768588585779156,0.0017352617708231849,0.8594366926962351,0.3627946245487306,1.2247742026755917
19:39 P5=P3,35,51.470588235294116,-1.2829818406524773,-87.96310309217642,90.37929918396901,0.06507500200432118,87.63666866259399,-1.2653078675798664,0.601381841570144,1.14059045286659,0.29476476429654497,0.002892102951371968,1.4323944878270538,0.6046577075812144,2.0412903377926637
19:39 P5=P3,36,52.94117647058823,-2.124916418850675,-86.36627645816323,90.79196985398414,0.06912394613624191,85.63131637963613,-2.111828658193563,0.8419345781981975,1.5968266340131976,0.4126706700151317,0.004048944131920737,2.0053522829578583,0.8465207906136964,2.8578064729096946
19:39 P5=P3,37,54.411764705882355,-3.2074036286333545,-84.31321384223071,91.32254637823122,0.07432973094354679,83.05300655174429,-3.200212426223973,1.0824872097826796,2.053062615932518,0.5305765242470812,0.005205784807304881,2.578309827891843,1.0883837680304103,3.6743222514738796
19:39 P5=P3,38,55.88235294117647,-4.530443090220882,-81.80391596467504,91.97102857056288,0.08069235459983916,79.90174008349229,-4.530458789822715,1.3230394615875278,2.5092978775556674,0.6484821923316559,0.0063626236562923655,3.151266468252004,1.330246363598742,4.49083674093942
19:39 P5=P3,39,57.35294117647059,-6.072364255607776,-78.87948353465448,92.7267947035948,0.08810760136145625,76.22913272275535,-6.080779156496187,1.5419211653868938,2.924432430020559,0.7557661330319263,0.007415246761617089,3.672607360736933,1.5503203666734722,5.2337941703135655
19:39 P5=P3,40,58.8235294117647,-7.654128788333891,-75.87948353465458,93.502089894491,0.09571445869776829,72.46162489145522,-7.671159926547902,1.5817645327261145,2.9999999999999005,0.7752951908961876,0.007606857336312042,3.7675078313001364,1.5903807700517145,5.369035834016485
19:39 P5=P3,41,60.294117647058826,-9.233076469568788,-72.88482602040322,94.27600441755108,0.10330776952511017,68.70082634578716,-9.258708501066693,1.5789476812348973,2.994657514251358,0.7739145230600855,0.0075933108273418815,3.7607985456680524,1.5875485745187907,5.35947450154093
19:39 P5=P3,42,61.76470588235294,-10.657751564737822,-70.18276436895069,94.9743028855098,0.11015916869061675,65.30748020161934,-10.691144131054832,1.4246750951690341,2.7020616514525386,0.6982984679587219,0.006851399165506575,3.393346144167822,1.4324356299881398,4.835821944123613
19:39 P5=P3,43,63.23529411764706,-11.841873923278808,-67.93693889864477,95.55469544774995,0.11585372667557459,62.48709185258229,-11.881716678010495,1.1841223585409857,2.245825470305917,0.5803925622401493,0.00569455798495784,2.820388349037053,1.1905725469556625,4.019305809006604
19:39 P5=P3,44,64.70588235294117,-12.785443545191729,-66.1473496094855,96.01718210427144,0.12039144347998362,60.23966129867608,-12.830426141933664,0.9435696219129213,1.7895892891592666,0.46248665652149157,0.004537716804409037,2.247430553906206,0.9487094639231692,3.202789673889503
19:39 P5=P3,45,66.17647058823529,-13.488460430476596,-64.81399650147284,96.36176285507436,0.12377231910384387,58.56518853990068,-13.537272522824354,0.7030168852848675,1.333353108012659,0.34458075080291906,0.0033808756238602466,1.6744727587754014,0.7068463808906902,2.386273538772475
19:39 P5=P3,46,67.6470588235294,-13.950924579133407,-63.93687957460683,96.58843770015865,0.12599635354715535,57.46367357625611,-14.00225582068256,0.4624641486568102,0.877116926866016,0.2266748450842897,0.0022240344433114845,1.1015149636445685,0.4649832978582058,1.5697574036553967
19:39 P5=P3,47,69.11764705882354,-14.172835991162167,-63.51599882888744,96.69720663952432,0.12706354680991805,56.93511640774235,-14.225376035508281,0.22191141202875997,0.42088074571938705,0.10876893936567456,0.0010671932627626946,0.528557168513764,0.22312021482572142,0.7532412685383502
19:39 P5=P3,48,70.58823529411765,-14.194306713665037,-63.4752771119846,96.70773042328427,0.12716680157357457,56.883976611963874,-14.246963714003533,0.021470722502870743,0.0407217169028371,0.010523783759950334,0.00010325476365652397,0.05113979577847516,0.02158767849525134,0.07287878575800358
19:39 P5=P3,49,72.05882352941177,-14.194306713665037,-63.4752771119846,96.70773042328427,0.12716680157357457,56.883976611963874,-14.246963714003533,0.0,0.0,0.0,0.0,0.0,0.0,0.0
19:39 P5=P3,50,73.52941176470588,-14.19373093123321,-63.31531579980074,96.82063228458932,0.12017131932928792,56.59749771439846,-14.24856867462859,0.0005757824318273208,0.15996131218386012,0.11290186130504765,0.006995482244286658,0.28647889756541645,0.0016049606250572168,0.3470683716904637
19:39 P5=P3,51,75.0,-14.192003583937732,-62.83543186324921,97.15933786850448,0.0991848725964279,55.73806102170223,-14.253383556503767,0.0017273472954784097,0.4798839365515306,0.33870558391515715,0.020986446732860015,0.859436692696228,0.0048148818751769795,1.0412051150713553
19:39 P5=P3,52,76.47058823529412,-14.189124671778597,-62.035625302329976,97.72384717502975,0.06420746137499449,54.30566653387517,-14.261408359629064,0.0028789121591348277,0.7998065609192366,0.5645093065252667,0.03497741122143341,1.432394487827061,0.008024803125296742,1.7353418584522806
19:39 P5=P3,53,77.94117647058823,-14.185094194755814,-60.91589611704305,98.51416020416515,0.01523908566498756,52.300314250917275,-14.272643084004475,0.004030477022782364,1.1197291852869284,0.7903130291354046,0.04896837571000693,2.005352282957894,0.011234724375411176,2.4294786018332086
19:39 P5=P3,54,79.41176470588235,-14.18073565973307,-59.70502731851868,99.36880023732824,-0.0377150384578662,50.131737650977094,-14.284792251307568,0.004358535022744192,1.2108687985243662,0.8546400331630934,0.05295412412285376,2.168576599940181,0.012149167303093122,2.6272243988072836
19:39 P5=P3,55,80.88235294117646,-14.177501253903113,-58.80645908840848,100.00301625058796,-0.0770115284228363,48.52246830681584,-14.293807972725247,0.0032344058299571543,0.8985682301102003,0.6342160132597172,0.0392964899649701,1.6092693441612553,0.009015721417679146,1.9496252451260845
19:39 P5=P3,56,82.3529411764706,-14.17541841293681,-58.22781348266597,100.41142854123754,-0.10231705389923283,47.48615675778542,-14.299613772892807,0.0020828409663025127,0.5786456057425085,0.4084122906495793,0.02530552547639653,1.0363115490304153,0.005805800167559383,1.2554885017451505
19:39 P5=P3,57,83.82352941176471,-14.17448713683416,-57.96909050129118,100.59403710927702,-0.11363161488705605,47.02280300388582,-14.302209651810248,0.0009312761026514238,0.2587229813747953,0.182608568039484,0.011314560987823213,0.46335375389960376,0.0025958789174413965,0.5613517583642441
19:39 P5=P3,58,85.29411764705883,-14.174432265522093,-57.95384639762601,100.60479650887326,-0.11429827518799901,46.99550193994263,-14.302362602456956,5.487131206649565e-05,0.01524410366516804,0.01075939959623895,0.0006666603009429645,0.02730106394319165,0.00015295064670795,0.03307516151697895
19:39 P5=P3,59,86.76470588235294,-14.174432265522093,-57.95384639762601,100.60479650887326,-0.11429827518799901,46.99550193994263,-14.302362602456956,0.0,0.0,0.0,0.0,0.0,0.0,0.0
19:39 P5=P3,60,88.23529411764706,-14.177728105356382,-58.11705903844147,100.49357150026304,-0.11137018005107105,47.28198083750804,-14.302689875355956,0.0032958398342888273,0.16321264081545905,0.11122500861021933,0.0029280951369279606,0.28647889756540934,0.0003272728989998086,0.34799291777489716
19:39 P5=P3,61,89.70588235294117,-14.187615624859248,-58.606696960887824,100.15989647443236,-0.1025858946402872,48.14141753020427,-14.303671694052957,0.009887519502866482,0.48963792244635584,0.3336750258306864,0.008784285410783854,0.8594366926962351,0.0009818186970012022,1.0439787533246963
19:39 P5=P3,62,91.17647058823529,-14.204094824030692,-59.4227601649651,99.60377143138123,-0.0879454189556474,49.573812018031326,-14.305308058547956,0.016479199171444137,0.816063204077274,0.5561250430511251,0.01464047568463979,1.4323944878270538,0.001636364494999043,1.7399645888744906
19:39 P5=P3,63,92.6470588235294,-14.227165702870714,-60.56524865067328,98.82519637110968,-0.06744875299715174,51.579164300989206,-14.307598968840956,0.02307087884002179,1.142488485708185,0.7785750602715495,0.02049666595849567,2.0053522829578796,0.0022909102930004366,2.435950424424283
19:39 P5=P3,64,94.11764705882354,-14.251684083925829,-61.77941861090387,97.99777232107168,-0.04566609487586636,53.71033545247616,-14.310033614348672,0.024518381055115057,1.2141699602305849,0.8274240500380046,0.021782658121285374,2.131171151486953,0.0024346455077157714,2.5887856787577066
19:39 P5=P3,65,95.58823529411765,-14.269700395116226,-62.6716008391013,97.38977421799981,-0.02966001574752068,55.27633781531059,-14.311822612203247,0.01801631119039726,0.8921822281974343,0.6079981030718642,0.016006079128345684,1.566002362834432,0.0017889978545753138,1.902261339722974
19:39 P5=P3,66,97.05882352941177,-14.281125026638044,-63.2373577856678,97.00422613214842,-0.01951012689303107,56.2693823830142,-14.312957064259823,0.01142463152181783,0.5657569465664949,0.3855480858513971,0.01014988885448961,0.9930445677036062,0.0011344520565756966,1.2062755041731548
19:39 P5=P3,67,98.52941176470588,-14.285957978491284,-63.4766894506034,96.84112806351743,-0.015216428312397322,56.689469155586984,-14.3134369705184,0.004832951853240175,0.2393316649356052,0.16309806863098686,0.004293698580633746,0.4200867725727875,0.0004799062585760794,0.5102896686233829
19:39 P5=P3,68,100.0,-14.286137197861581,-63.48556453804157,96.83507993102111,-0.015057205961495644,56.70504714790657,-14.313454766784547,0.00017921937029719004,0.008875087438170226,0.0060481324963177485,0.00015922235090167804,0.015577992319585121,1.7796266147840356e-05,0.018922967961819307
