trajectory_id,trajectory_received_time_iso,trajectory_received_time_ros_s,segment_index,point_index,point_count,time_from_start_s,trajectory_duration_s,joint_a1_position_rad,joint_a1_position_deg,joint_a1_velocity_rad_s,joint_a1_velocity_deg_s,joint_a1_acceleration_rad_s2,joint_a1_acceleration_deg_s2,joint_a2_position_rad,joint_a2_position_deg,joint_a2_velocity_rad_s,joint_a2_velocity_deg_s,joint_a2_acceleration_rad_s2,joint_a2_acceleration_deg_s2,joint_a3_position_rad,joint_a3_position_deg,joint_a3_velocity_rad_s,joint_a3_velocity_deg_s,joint_a3_acceleration_rad_s2,joint_a3_acceleration_deg_s2,joint_a4_position_rad,joint_a4_position_deg,joint_a4_velocity_rad_s,joint_a4_velocity_deg_s,joint_a4_acceleration_rad_s2,joint_a4_acceleration_deg_s2,joint_a5_position_rad,joint_a5_position_deg,joint_a5_velocity_rad_s,joint_a5_velocity_deg_s,joint_a5_acceleration_rad_s2,joint_a5_acceleration_deg_s2,joint_a6_position_rad,joint_a6_position_deg,joint_a6_velocity_rad_s,joint_a6_velocity_deg_s,joint_a6_acceleration_rad_s2,joint_a6_acceleration_deg_s2
1,2026-08-19 22:21:07.668,1787178067.6683352,0,0,5,0.0,0.31846778800000003,0.0,0.0,-0.0,-0.0,0.0,0.0,-1.5708,-90.00021045914971,-0.0,-0.0,0.0,0.0,1.5708,90.00021045914971,0.0,0.0,0.0,0.0,0.0,0.0,-0.0,-0.0,0.0,0.0,1.5708,90.00021045914971,-0.0,-0.0,0.0,0.0,0.0,0.0,-0.0,-0.0,0.0,0.0
1,2026-08-19 22:21:07.668,1787178067.6683352,0,1,5,0.1,0.31846778800000003,-4.95170656487084e-05,-0.002837118875543219,-0.0009903413129741607,-0.056742377510863966,-0.009903413129734214,-0.5674237751082161,-1.5758,-90.28668935671513,-0.09999999999999921,-5.729577951308188,-0.9999999999992506,-57.295779513039385,1.5752636119336563,90.25595658433245,0.08927223867312778,5.11492250365479,0.8927223867306116,51.149225036509726,-0.0005022963104123577,-0.028779458651621202,-0.010045926208247078,-0.5755891730324197,-0.10045926208239492,-5.755891730319851,1.5702209878717805,89.96703550791585,-0.01158024256438969,-0.6634990246772827,-0.11580242564380944,-6.634990246767816,-0.00029039876182076856,-0.016638623428154864,-0.005807975236415329,-0.3327724685630949,-0.05807975236410989,-3.3277246856284624
1,2026-08-19 22:21:07.668,1787178067.6683352,0,2,5,0.2,0.31846778800000003,-0.00018161002277717052,-0.01040548782240662,-0.001173235450196107,-0.06722143967136802,0.009903413129732423,0.5674237751081134,-1.5891381244827365,-91.05090759619604,-0.11846778830953496,-6.787704278385626,0.9999999999990613,57.29577951302854,1.587170854256404,90.93819131506544,0.10575884673046465,6.05953556382657,-0.8927223867304451,-51.14922503650019,-0.0018422344535122185,-0.10555225905983978,-0.011901186594118334,-0.6818877630406552,0.1004592620823771,5.7558917303188295,1.5686764007031395,89.87853718206266,-0.01371885724691195,-0.7860326199905187,0.11580242564378901,6.6349902467666455,-0.0010650737287803632,-0.06102422952937613,-0.006880579808146779,-0.3942281836097441,0.05807975236409821,3.3277246856277927
1,2026-08-19 22:21:07.668,1787178067.6683352,0,3,5,0.30000000000000004,0.31846778800000003,-0.00024941650214807244,-0.014290512914000183,-0.00018289413722193646,-0.010479062160503495,0.009903413129737443,0.567423775108401,-1.5959849033136901,-91.4431991264692,-0.018467788309534747,-1.0581263270773822,0.9999999999995762,57.295779513058044,1.593283126995794,91.28839874626536,0.01648660805733598,0.9446130601717287,-0.8927223867309052,-51.14922503652655,-0.002530056802511691,-0.1449615767122839,-0.001855260385871156,-0.10629859000822979,0.1004592620824286,5.75589173032178,1.5678835271066678,89.83310887129747,-0.002138614682522143,-0.12253359531322926,0.11580242564384913,6.63499024677009,-0.0014627329477742703,-0.08380842446219555,-0.0010726045717313918,-0.06145571504664592,0.058079752364129045,3.3277246856295597
1,2026-08-19 22:21:07.668,1787178067.6683352,0,4,5,0.31846778800000003,0.31846778800000003,-0.0002511053272527073,-0.0143872754648315,-1.685494427404719e-19,-9.657171708310971e-18,0.009903413129693131,0.5674237751058622,-1.5961554329162129,-91.45296975297579,-1.701932864279774e-17,-9.751357013784259e-16,0.9999999999950973,57.29577951280142,1.5934353625895665,91.29712120328018,1.5193535686562515e-17,8.705254707214337e-16,-0.8927223867269078,-51.14922503629752,-0.002547188080544358,-0.1459431266412209,-1.7097491965945334e-18,-9.796141299075002e-17,0.10045926208197903,5.755891730296022,1.5678637793650514,89.83197740904794,-1.9708795396666458e-18,-1.129230795515853e-16,0.11580242564333006,6.634990246740349,-0.0014726372648595576,-0.08437590003014182,-9.884783929778416e-19,-5.663564005750435e-17,0.05807975236386898,3.327724685614659
2,2026-08-19 22:21:09.569,1787178069.5695345,0,0,5,0.0,0.307665958,-0.0002511053272527073,-0.0143872754648315,-0.0,-0.0,0.0,0.0,-1.5961554329162129,-91.45296975297579,0.0,0.0,0.0,0.0,1.5934353625895665,91.29712120328018,-0.0,-0.0,0.0,0.0,-0.002547188080544358,-0.1459431266412209,0.0,0.0,0.0,0.0,1.5678637793650514,89.83197740904794,0.0,0.0,0.0,0.0,-0.0014726372648595576,-0.08437590003014182,-0.0,-0.0,0.0,0.0
2,2026-08-19 22:21:09.569,1787178069.5695345,0,1,5,0.1,0.307665958,-0.0005490056730747355,-0.0314557079959214,-0.005958006916440534,-0.34136865062179633,-0.059580069164372806,-3.4136865062160995,-1.591155432916213,-91.16649085541039,0.0999999999999995,5.729577951308204,0.9999999999994449,57.29577951305052,1.5885423549514794,91.01677251649252,-0.09786015276174259,-5.606973735753358,-0.9786015276168879,-56.06973735750275,-0.0013304863652737063,-0.07623125342988459,0.024334034305412915,1.3942374642267197,0.24334034305399588,13.942374642259562,1.5689168625585816,89.89231463151337,0.021061663870601863,1.2067444493086563,0.2106166387059015,12.067444493079853,-0.0018284548104349208,-0.10476274366831395,-0.007116350911507223,-0.40773687276344023,-0.07116350911503361,-4.07736872763219
2,2026-08-19 22:21:09.569,1787178069.5695345,0,2,5,0.2,0.307665958,-0.0013157180975107996,-0.07538509401635092,-0.006414745250533209,-0.36753782950714275,0.05958006916452203,3.413686506224649,-1.5782868271024064,-90.42917405406176,0.10766595844043618,6.168805015867916,-1.0000000000019111,-57.295779513191825,1.5759491176437816,90.29523316835474,-0.10536207140220566,-6.036802012102412,0.9786015276192866,56.069737357640186,0.0018009645880863465,0.10318766994986443,0.02619947126214748,1.5011191287953387,-0.2433403430546008,-13.942374642294222,1.5716272050599183,90.0476058178749,0.022676242269786675,1.2992529772749348,-0.21061663870642727,-12.067444493109978,-0.002744229957564016,-0.1572327945817831,-0.007661887414859005,-0.4389938119758218,0.07116350911520859,4.077368727642216
2,2026-08-19 22:21:09.569,1787178069.5695345,0,3,5,0.30000000000000004,0.307665958,-0.0016592922767420962,-0.09507044443597552,-0.0004567383340926325,-0.026169178885344004,0.05958006916438382,3.41368650621673,-1.5725202312583628,-90.09877245004039,0.007665958440435942,0.43922706455967014,-0.9999999999996313,-57.2957795130612,1.570305918141648,89.97190165393216,-0.00750191864046235,-0.4298282763490131,0.9786015276170708,56.069737357513226,0.0032042099990304577,0.18358770961806284,0.0018654369567343882,0.10688166456860879,-0.24334034305404068,-13.942374642262129,1.5728417460933668,90.11719389313696,0.0016145783991846588,0.09250852796626963,-0.21061663870594194,-12.067444493082169,-0.0031546011534745576,-0.18074533214119343,-0.0005455365033517306,-0.031256939212378654,0.07116350911504657,4.0773687276329325
2,2026-08-19 22:21:09.569,1787178069.5695345,0,4,5,0.307665958,0.307665958,-0.0016610429452857507,-0.09517075035485323,-3.502164653862817e-19,-2.0065925382623426e-17,0.05958006916438869,3.4136865062170094,-1.5724908477989574,-90.09708890182895,5.8780808800320815e-18,3.3678922606238303e-16,-0.9999999999997157,-57.29577951306603,1.5702771634433876,89.97025413108067,-5.7522989286582065e-18,-3.2958245110974026e-16,0.9786015276171525,56.06973735751791,0.0032113601801222495,0.18399738481737674,1.430374217846931e-18,8.195440580695534e-17,-0.24334034305406113,-13.9423746422633,1.5728479347388202,90.11754847640233,1.238021636994479e-18,7.09334147456609e-17,-0.21061663870595979,-12.067444493083192,-0.003156692183555776,-0.18086513933968212,-4.183048622852968e-19,-2.396710315874863e-17,0.07116350911505234,4.077368727633263
3,2026-08-19 22:21:18.303,1787178078.3030987,0,0,11,0.0,0.956717943,-0.0016610429452857507,-0.09517075035485323,0.0,0.0,0.0,0.0,-1.5724908477989574,-90.09708890182895,0.0,0.0,0.0,0.0,1.5702771634433876,89.97025413108067,0.0,0.0,0.0,0.0,0.0032113601801222495,0.18399738481737674,-0.0,-0.0,0.0,0.0,1.5728479347388202,90.11754847640233,-0.0,-0.0,0.0,0.0,-0.003156692183555776,-0.18086513933968212,0.0,0.0,0.0,0.0
3,2026-08-19 22:21:18.303,1787178078.3030987,0,1,11,0.1,0.956717943,-0.0016131499374376268,-0.0924266831369688,0.0009578601569624814,0.05488134435768876,0.009578601569625495,0.5488134435769266,-1.5723827138505515,-90.09089328296321,0.0021626789681184547,0.12391237731489538,0.021626789681185924,1.2391237731490325,1.5750488088705092,90.24364927538764,0.09543290854243296,5.467902886139389,0.9543290854243895,54.67902886139733,0.003183728242320825,0.18241419140158713,-0.0005526387560284837,-0.03166386831579209,-0.005526387560285188,-0.3166386831579411,1.5678479347388201,89.83106957883692,-0.09999999999999983,-5.729577951308222,-1.0000000000000555,-57.295779513085506,-0.0030293755827180205,-0.17357043544972697,0.0025463320167551104,0.14589407779910304,0.02546332016755251,1.4589407779911112
3,2026-08-19 22:21:18.303,1787178078.3030987,0,2,11,0.2,0.956717943,-0.0014694709138932548,-0.0841944814833155,0.0019157203139249439,0.10976268871537644,0.009578601569608703,0.5488134435759645,-1.5720583120053337,-90.07230642636598,0.004325357936236867,0.2478247546297883,0.021626789681148395,1.2391237731468825,1.5893637451518743,91.06383470830855,0.19086581708486405,10.935805772278671,0.9543290854227487,54.679028861303316,0.003100832428916553,0.17766461115421833,-0.0011052775120569565,-0.06332773663158357,-0.005526387560275706,-0.3166386831573978,1.5528479347388204,88.97163288614071,-0.19999999999999768,-11.459155902616331,-0.9999999999983069,-57.29577951298531,-0.0026474257802047547,-0.15168632377986158,0.005092664033510171,0.29178815559820326,0.02546332016750874,1.4589407779886032
3,2026-08-19 22:21:18.303,1787178078.3030987,0,3,11,0.30000000000000004,0.956717943,-0.0012300058746526348,-0.07047414539389334,0.0028735804708874798,0.16464403307306832,0.009578601569665132,0.5488134435791976,-1.5715176422633041,-90.04132833203725,0.006488036904355445,0.37173713194469077,0.02162678968127563,1.2391237731541724,1.6132219722874823,92.43081042984339,0.2862987256273024,16.40370865841837,0.9543290854283542,54.67902886162448,0.0029626727399094323,0.16974864407527032,-0.0016579162680854715,-0.09499160494737746,-0.005526387560308168,-0.3166386831592577,1.5278479347388205,87.53923839831366,-0.3000000000000032,-17.18873385392488,-1.0000000000042188,-57.29577951332404,-0.002010842776015978,-0.11521280433008586,0.007638996050265426,0.43768223339731455,0.025463320167657767,1.458940777997142
3,2026-08-19 22:21:18.303,1787178078.3030987,0,4,11,0.4,0.956717943,-0.0008947548197157673,-0.05126567486870232,0.003831440627849821,0.21952537743074904,0.009578601569527417,0.5488134435713072,-1.5707607046244625,-89.99795899997703,0.008650715872473583,0.49564950925956797,0.021626789680964046,1.23912377313632,1.6466234902773338,94.34457643999217,0.3817316341697214,21.87161154455696,0.9543290854145823,54.679028860835416,0.0027692491752994634,0.15866629016474312,-0.0022105550241138744,-0.12665547326316492,-0.005526387560228551,-0.316638683154696,1.4928479347388204,85.53388611535576,-0.3999999999999884,-22.918311805232264,-0.9999999999898415,-57.29577951250028,-0.0011196265701516922,-0.06414987710039996,0.010185328067020164,0.5835763111963963,0.025463320167291966,1.458940777976183
3,2026-08-19 22:21:18.303,1787178078.3030987,0,5,11,0.5,0.956717943,-0.0004682037356844722,-0.026826098006978993,0.004374719210773364,0.2506529473321162,-0.009578601569451966,-0.5488134435669841,-1.5697976276538244,-89.94277875421322,0.009877342908348893,0.5659300614518655,-0.021626789680790712,-1.2391237731263887,1.689121354182773,96.7795246800952,0.43585921734597327,24.97289361579951,-0.9543290854069814,-54.67902886039991,0.002523149931325075,0.14456584214365029,-0.0025240003616836923,-0.14461456821396887,0.00552638756018391,0.3166386831521383,1.4483162689282338,82.98240960972213,-0.4567179435301131,-26.168010592169743,0.9999999999818936,57.2957795120449,1.429749397767051e-05,0.000819186062534232,0.011629555222372814,0.6663244318562879,-0.025463320167083543,-1.4589407779642412
3,2026-08-19 22:21:18.303,1787178078.3030987,0,6,11,0.6000000000000001,0.956717943,-7.862482245526466e-05,-0.004504870491652087,0.003416859053810841,0.19577160297442503,-0.00957860156960111,-0.5488134435755294,-1.5689180273113954,-89.89238136693378,0.007714663940230343,0.44201768413696463,-0.021626789681132054,-1.2391237731459461,1.7279356304902485,99.00341889736816,0.3404263088035363,19.50499072965989,-0.9543290854221356,-54.679028861268186,0.0022983818329581325,0.13168757873804318,-0.0019713616056551845,-0.1129506998981754,0.005526387560271551,0.31663868315715976,1.407644474575223,80.65208744807059,-0.3567179435301089,-20.43843264086127,0.9999999999974415,57.29577951293573,0.0010499364153771836,0.06015692535820713,0.009083223205617592,0.5204303540571784,-0.025463320167489457,-1.4589407779874983
3,2026-08-19 22:21:18.303,1787178078.3030987,0,7,11,0.7000000000000001,0.956717943,0.00021516807507769494,0.012328222587905953,0.0024589988968484276,0.14089025861674018,-0.009578601569369632,-0.5488134435622668,-1.5682546948657783,-89.85437521738582,0.005551984972112041,0.31810530682207805,-0.021626789680605493,-1.2391237731157763,1.7572066159434803,100.68052282602717,0.24499340026111027,14.037087843520899,-0.9543290853988942,-54.67902885993655,0.0021288776101940385,0.12197570216401525,-0.0014187228496267401,-0.08128683158238555,0.005526387560136883,0.3166386831494438,1.3769726802222122,78.89472308154988,-0.25671794353011607,-14.70885468955345,0.9999999999734308,57.29577951156002,0.0018309421351011858,0.10490525687396973,0.00653689118886266,0.37453627625808555,-0.025463320166872153,-1.4589407779521295
3,2026-08-19 22:21:18.303,1787178078.3030987,0,8,11,0.8,0.956717943,0.0004131749569144066,0.02367318123169513,0.0015011387398859023,0.0860089142590489,-0.009578601569520461,-0.5488134435709087,-1.567807630316973,-89.82876030556936,0.0033893060039934864,0.19419292950717693,-0.021626789680949794,-1.2391237731355034,1.776934310542469,101.81083646607226,0.1495604917186731,8.56918495738127,-0.954329085413986,-54.679028860801246,0.0020146372630327927,0.11543021242156652,-0.0008660840935982313,-0.04962296326659201,0.0055263875602247865,0.31663868315448035,1.3563008858692014,77.71031651016,-0.15671794353011162,-8.979276738244963,0.9999999999891755,57.295779512462126,0.0023573146531496777,0.13506418060982206,0.003990559172107433,0.2286421984589758,-0.0254633201672734,-1.4589407779751193
3,2026-08-19 22:21:18.303,1787178078.3030987,0,9,11,0.9,0.956717943,0.0005153958230548703,0.029530005439715443,0.0005432785829233736,0.031127569901357427,-0.00957860156967305,-0.5488134435796512,-1.5675768336649796,-89.81553663148439,0.0012266270358749244,0.07028055219227539,-0.02162678968129393,-1.239123773155221,1.7871187142872145,102.3943598175034,0.05412758317623561,3.1012820712416196,-0.9543290854291318,-54.67902886166904,0.0019556607914743953,0.11205110951069702,-0.0003134453375697206,-0.01795909495079837,0.005526387560312699,0.3166386831595173,1.3456290915161901,77.0988677339009,-0.05671794353010684,-3.2496987869364555,1.0000000000050187,57.29577951336987,0.0026290539695226585,0.15063369656576409,0.0014442271553521964,0.08274812065986553,-0.025463320167679177,-1.4589407779983685
3,2026-08-19 22:21:18.303,1787178078.3030987,0,10,11,0.956717943,0.956717943,0.0005308026450485533,0.03041275131566281,-4.2359374810581807e-19,-2.4270133994591086e-17,-0.009578601569693304,-0.5488134435808117,-1.567542047783503,-89.81354354728914,-9.563998287182148e-19,-5.4797673712588534e-17,-0.02162678968133919,-1.2391237731578142,1.78865371689022,102.4823089881972,-4.2203220510102354e-17,-2.4180664170888182e-15,-0.9543290854311516,-54.679028861784765,0.0019467718039963674,0.11154180804406139,2.443930048797419e-19,1.4002687722129345e-17,0.00552638756032435,0.3166386831601849,1.344020628957048,77.00670961775725,4.4222921793625594e-17,2.533786776511855e-15,1.0000000000071487,57.295779513491915,0.0026700107666436175,0.1529803481831686,-1.1260624163756636e-18,-6.451862392662872e-17,-0.025463320167733176,-1.4589407780014625
4,2026-08-19 22:21:27.509,1787178087.5094976,0,0,9,0.0,0.7933081240000001,0.0005308026450485533,0.03041275131566281,0.0,0.0,0.0,0.0,-1.567542047783503,-89.81354354728914,0.0,0.0,0.0,0.0,1.78865371689022,102.4823089881972,0.0,0.0,0.0,0.0,0.0019467718039963674,0.11154180804406139,0.0,0.0,0.0,0.0,1.344020628957048,77.00670961775725,-0.0,-0.0,0.0,0.0,0.0026700107666436175,0.1529803481831686,-0.0,-0.0,0.0,0.0
4,2026-08-19 22:21:27.509,1787178087.5094976,0,1,9,0.1,0.7933081240000001,0.0006198483140046958,0.03551469233076887,0.0017809133791228558,0.10203882030212154,0.017809133791231595,1.0203882030213893,-1.5665107883526017,-89.75445673431544,0.02062518861802587,1.1817362594741454,0.20625188618029425,11.817362594743491,1.7926533128866937,102.71146895855259,0.0799919199294752,4.5831994071073465,0.7999191992948983,45.83199407108185,0.001965677197212429,0.11262500728537697,0.00037810786432123083,0.021663984826311686,0.0037810786432129267,0.2166398482631523,1.339020628957048,76.72023072019185,-0.1000000000000002,-5.729577951308244,-1.0000000000001805,-57.29577951309267,0.002546673296777689,0.14591363170402893,-0.0024667493973185785,-0.141334329582794,-0.024667493973190006,-1.4133432958281817
4,2026-08-19 22:21:27.509,1787178087.5094976,0,2,9,0.2,0.7933081240000001,0.0008869853208731229,0.05082051537608702,0.0035618267582457164,0.20407764060424333,0.017809133791252377,1.0203882030225802,-1.5634170100598976,-89.5771962953943,0.04125037723605179,2.3634725189482935,0.20625188618053694,11.817362594757396,1.8046521008761147,103.39894886961866,0.1599838398589506,9.166398814214704,0.7999191992958391,45.83199407113575,0.0020223933768606134,0.11587460500932371,0.0007562157286424626,0.04332796965262343,0.0037810786432173615,0.2166398482634064,1.324020628957048,75.8607940274956,-0.20000000000000065,-11.459155902616502,-1.00000000000136,-57.29577951316025,0.002176660887179904,0.12471348226660994,-0.004933498794637163,-0.2826686591655883,-0.02466749397321895,-1.41334329582984
4,2026-08-19 22:21:27.509,1787178087.5094976,0,3,9,0.30000000000000004,0.7933081240000001,0.0013322136656538357,0.07633022045161734,0.005342740137368589,0.30611646090636585,0.017809133791249956,1.0203882030224414,-1.5582607129053914,-89.28176223052577,0.06187556585407785,3.5452087784224497,0.20625188618050552,11.817362594755595,1.8246500808584836,104.54474872139551,0.23997575978842653,13.749598221322094,0.7999191992957114,45.83199407112844,0.002116920342940921,0.12129060121590161,0.001134323592963697,0.06499195447893533,0.0037810786432167006,0.21663984826336855,1.299020628957048,74.42839953966855,-0.30000000000000177,-17.1887338539248,-1.0000000000011657,-57.295779513149114,0.0015599735378502612,0.08937989987091155,-0.0074002481919557645,-0.4240029887483836,-0.02466749397321493,-1.4133432958296097
4,2026-08-19 22:21:27.509,1787178087.5094976,0,4,9,0.4,0.7933081240000001,0.0019553339664192745,0.11203238381439946,0.007004477005641245,0.40132697011967583,-0.017809133791105082,-1.0203882030141407,-1.5510442059794127,-88.86828684084027,0.0811205424730596,4.647864715518052,-0.20625188617882664,-11.817362594659402,1.8526382973487259,106.14835540238485,0.3146147198125195,18.02609561794829,-0.7999191992892185,-45.83199407075642,0.0022492157644361903,0.12887057051648487,0.0014871289487389935,0.08520621235447128,-0.0037810786431860762,-0.2166398482616139,1.2640318244441446,72.42368871087089,-0.3933081242329224,-22.534895566753512,0.9999999999931,57.29577951268698,0.0006968874133992402,0.039928707583565114,-0.0097019257841206,-0.5558794005792622,0.024667493973013432,1.4133432958180647
4,2026-08-19 22:21:27.509,1787178087.5094976,0,5,9,0.5,0.7933081240000001,0.002566735998027247,0.14706313981126043,0.005223563626517963,0.2992881498175299,-0.017809133791697702,-1.0203882030480953,-1.543963411163008,-88.46258718226218,0.0604953538550288,3.466128456043625,-0.20625188618568355,-11.817362595052275,1.8801001733335037,107.72180499382428,0.23462279988302517,13.442896210839848,-0.7999191993158077,-45.83199407227987,0.0023790232660940262,0.13630799251061632,0.0011090210844176723,0.0635422275281544,-0.0037810786433117734,-0.2166398482688158,1.229701012020853,70.45667805176099,-0.2933081242328983,-16.8053176154439,1.0000000000263163,57.29577951459014,-0.00014996769514687798,-0.008592515995220667,-0.007235176386801432,-0.4145450709964345,0.024667493973834366,1.4133432958651007
4,2026-08-19 22:21:27.509,1787178087.5094976,0,6,9,0.6000000000000001,0.7933081240000001,0.0030000466917229325,0.1718900137779092,0.00344265024739549,0.1972493295154303,-0.017809133791114307,-1.0203882030146691,-1.538945135208406,-88.17506114963149,0.039870165237007364,2.2843921965697334,-0.2062518861789405,-11.817362594665926,1.8995628573253338,108.83693464455298,0.1546308799535672,8.859696803733488,-0.7999191992896357,-45.831994070780326,0.0024710199813197387,0.14157901602211653,0.0007309132200965226,0.041878242701847375,-0.0037810786431881236,-0.2166398482617312,1.2053701995975612,69.06262518778189,-0.19330812423291963,-11.075739664136888,0.9999999999935814,57.29577951271456,-0.0007501478639611368,-0.04298030661572697,-0.004768426989483384,-0.2732107414136709,0.024667493973027747,1.413343295818885
4,2026-08-19 22:21:27.509,1787178087.5094976,0,7,9,0.7000000000000001,0.7933081240000001,0.003255266047506332,0.18651300571434576,0.0016617368682725997,0.0952105092133068,-0.017809133791185414,-1.0203882030187434,-1.5359893781156067,-88.00570874294823,0.019244976618981096,1.1026559370955653,-0.20625188617975485,-11.817362594712584,1.9110263493242163,109.49374435457094,0.07463896002409044,4.276497396626052,-0.799919199292817,-45.8319940709626,0.002525205910113328,0.1446836410509856,0.00035280535577528443,0.02021425787553526,-0.003781078643203187,-0.21663984826259428,1.1910393871742697,68.24153011893365,-0.09330812423291747,-5.346161712828533,0.9999999999975729,57.29577951294326,-0.0011036530930435364,-0.0632346642779538,-0.0023016775921647576,-0.13187641183087417,0.02466749397312596,1.413343295824512
4,2026-08-19 22:21:27.509,1787178087.5094976,0,8,9,0.7933081240000001,0.7933081240000001,0.0033327928225799276,0.19095496272532284,-5.059932332102236e-19,-2.8991276725124614e-17,-0.01780913379152164,-1.0203882030380078,-1.535091521780995,-87.95426536436591,-5.860030025461263e-18,-3.357549882788707e-16,-0.20625188618365295,-11.817362594935929,1.9145085600014882,109.69326032975401,-2.2727309857003602e-17,-1.3021789344923808e-15,-0.7999191993079161,-45.831994071827715,0.0025416657130966865,0.1456267182935489,-1.0742803272349046e-19,-6.1551728764493025e-18,-0.0037810786432745332,-0.21663984826668212,1.186686184150337,67.99210995829873,2.8412006959004305e-17,1.6278880862472712e-15,1.0000000000164588,57.29577951402535,-0.0012110357024004473,-0.06938723458720682,7.0085301042735e-19,4.015591955652543e-17,0.024667493973591734,1.4133432958511989
5,2026-08-19 22:21:29.392,1787178089.3927622,0,0,14,0.0,1.244336834,0.0033327928225799276,0.19095496272532284,-0.0,-0.0,0.0,0.0,-1.535091521780995,-87.95426536436591,-0.0,-0.0,0.0,0.0,1.9145085600014882,109.69326032975401,-0.0,-0.0,0.0,0.0,0.0025416657130966865,0.1456267182935489,-0.0,-0.0,0.0,0.0,1.186686184150337,67.99210995829873,0.0,0.0,0.0,0.0,-0.0012110357024004473,-0.06938723458720682,0.0,0.0,0.0,0.0
5,2026-08-19 22:21:29.392,1787178089.3927622,0,1,14,0.1,1.244336834,0.003281521618497895,0.18801733912086846,-0.001025424081640655,-0.0587524720890879,-0.010254240816410248,-0.5875247208910909,-1.535524257602312,-87.97905930057149,-0.00865471642634141,-0.4958787241119092,-0.08654716426344371,-4.958787241120788,1.9100751942742464,109.43924718454511,-0.0886673145448347,-5.0802629041779666,-0.8866731454486644,-50.80262904179785,0.0024646187324636457,0.14121225147904948,-0.0015409396126608264,-0.0882893362899892,-0.015409396126613772,-0.8828933629002075,1.191686184150337,68.27858885586413,0.10000000000000035,5.7295779513082525,1.0000000000003608,57.295779513103,-0.0012051601079288744,-0.06905058782185529,0.00011751188943146139,0.006732935307030721,0.0011751188943150183,0.06732935307033037
5,2026-08-19 22:21:29.392,1787178089.3927622,0,2,14,0.2,1.244336834,0.003127708006251797,0.17920446830750528,-0.00205084816328133,-0.11750494417817693,-0.010254240816427148,-0.5875247208920591,-1.5368224650662634,-88.05344110918828,-0.01730943285268299,-0.9917574482238282,-0.08654716426358622,-4.958787241128954,1.8967750970925215,108.67720774891842,-0.17733462908967113,-10.16052580835603,-0.8866731454501121,-50.8026290418808,0.002233477790564522,0.1279688510355511,-0.003081879225321683,-0.17657867257998008,-0.015409396126638908,-0.8828933629016477,1.2066861841503371,69.13802554856036,0.20000000000000265,11.459155902616617,1.0000000000019984,57.29577951319682,-0.001187533324514155,-0.06804064752580066,0.00023502377886292509,0.013465870614061574,0.0011751188943169592,0.06732935307044158
5,2026-08-19 22:21:29.392,1787178089.3927622,0,3,14,0.30000000000000004,1.244336834,0.0028713519858416343,0.16451635028523334,-0.0030762722449219574,-0.17625741626726324,-0.010254240816414422,-0.58752472089133,-1.5389861441728487,-88.17741079021627,-0.02596414927902417,-1.4876361723357243,-0.08654716426348107,-4.958787241122929,1.8746082684563126,107.40714202287393,-0.26600194363450347,-15.240788712533863,-0.8866731454490265,-50.8026290418186,0.0018482428873993167,0.1058965169630539,-0.004622818837982468,-0.2648680088699669,-0.015409396126620253,-0.8828933629005787,1.231686184150337,70.57042003638742,0.3000000000000003,17.188733853924717,1.0000000000007772,57.29577951312685,-0.00115815535215629,-0.066357413699043,0.00035253566829438333,0.020198805921092113,0.0011751188943155012,0.06732935307035805
5,2026-08-19 22:21:29.392,1787178089.3927622,0,4,14,0.4,1.244336834,0.0025124535572674076,0.14395298505405274,-0.004101696326562638,-0.23500988835635261,-0.010254240816455892,-0.587524720893706,-1.5420152949220682,-88.35096834365544,-0.0346188657053658,-1.983514896447646,-0.08654716426383414,-4.958787241143159,1.8435747083656207,105.62905000641165,-0.3546692581793404,-20.32105161671196,-0.8866731454526222,-50.80262904202461,0.0013089140229680316,0.07499524926155791,-0.0061637584506433335,-0.35315734515995834,-0.01540939612668268,-0.8828933629041557,1.266686184150337,72.5757723193453,0.40000000000000324,22.918311805233113,1.0000000000048295,57.29577951335903,-0.0011170261908552788,-0.06400088634158227,0.00047004755772584773,0.02693174122812301,0.0011751188943202936,0.06732935307063263
5,2026-08-19 22:21:29.392,1787178089.3927622,0,5,14,0.5,1.244336834,0.002051012720529117,0.11751437261396341,-0.005127120408203674,-0.29376236044546233,-0.010254240816851681,-0.5875247209163831,-1.5459099173139217,-88.57411376950579,-0.043273582131710425,-2.4793936205597396,-0.08654716426717443,-4.9587872413345435,1.8036744168204455,103.34293169953159,-0.44333657272420807,-25.401314520891813,-0.8866731454869154,-50.80262904398947,0.0006154911972706656,0.035265047931063116,-0.007704698063304732,-0.44144668144998034,-0.015409396127278534,-0.8828933629382955,1.3116861841503369,75.154082397434,0.5000000000000407,28.647889756543496,1.0000000000435207,57.29577951557588,-0.0010641458406111216,-0.06097106545341847,0.0005875594471573528,0.03366467653515623,0.0011751188943656895,0.06732935307323362
5,2026-08-19 22:21:29.392,1787178089.3927622,0,6,14,0.6000000000000001,1.244336834,0.0014870294771346768,0.08520051305136253,-0.0061525444735422334,-0.35251483160050895,-0.010254240816090734,-0.5875247208727841,-1.5506700113356824,-88.84684706703813,-0.05192829842045893,-2.975272336788156,-0.08654716426105832,-4.958787240984116,1.7549073939511746,100.54878710970439,-0.5320038858594182,-30.481577344304238,-0.886673145464058,-50.80262904267983,-0.00023202558742678594,-0.013294086898598532,-0.009245637651467846,-0.5297360163363539,-0.015409396127177477,-0.8828933629325054,1.3666861840032836,78.30535026222799,0.5999999984102505,34.37746761676346,1.0,57.29577951308232,-0.0009995143015966229,-0.05726795104445257,0.0007050713347206202,0.04039761173514732,0.0011751188942818941,0.0673293530684325
5,2026-08-19 22:21:29.392,1787178089.3927622,0,7,14,0.7000000000000001,1.244336834,0.0008826215058629652,0.05057048719342915,-0.0055817609880359585,-0.3198113468652328,0.010254240816694746,0.5875247209073914,-1.5557712954685918,-89.13912911795089,-0.04711080944556415,-2.6992505506758797,0.08654716426583553,4.95878724125783,1.702644888455488,97.55436611802229,-0.4826488533879675,-27.65374228595898,0.8866731454732426,50.802629043206075,-0.0011402899843876986,-0.06533380352645367,-0.008387901911868296,-0.4805913785197676,0.015409396127042223,0.8828933629247558,1.4256284286894698,81.68249211777386,0.5443368346787106,31.18820326060055,-1.0000000000281253,-57.295779514693784,-0.0009302501561925707,-0.05329940784121992,0.0006396604993023601,0.036649846931256176,-0.0011751188943475979,-0.06732935307219705
5,2026-08-19 22:21:29.392,1787178089.3927622,0,8,14,0.8,1.244336834,0.0003757166111413833,0.021526976111359186,-0.004556336906395428,-0.26105887477615203,0.010254240816523819,0.587524720897598,-1.5600496405918316,-89.3842602368129,-0.038456093019224716,-2.2033718265640836,0.08654716426440608,4.958787241175928,1.658813368843931,95.04300503463517,-0.39398153884314346,-22.573479381781627,0.8866731454584913,50.80262904236089,-0.0019020331949415152,-0.10897847456393259,-0.006846962299207659,-0.39230204222978926,0.015409396126784528,0.8828933629099911,1.4750621121573428,84.51483354626862,0.44433683467872315,25.458625309293033,-1.000000000011384,-57.29577951373458,-0.0008721597007339053,-0.0499710699134457,0.0005221486098709138,0.029916911624226317,-0.0011751188943280124,-0.06732935307107489
5,2026-08-19 22:21:29.392,1787178089.3927622,0,9,14,0.9,1.244336834,-2.8645875416135572e-05,-0.0016412877618021291,-0.0035309128247549026,-0.2023064026870716,0.010254240816349866,0.5875247208876312,-1.563462514072437,-89.57980348326372,-0.029801376592884406,-1.7074931024522375,0.08654716426293599,4.958787241091699,1.623848580686858,93.03967024166587,-0.30531422429832,-17.493216477604303,0.8866731454435078,50.8026290415024,-0.0025096824442292533,-0.14379421197241282,-0.005306022686547027,-0.30401270593981117,0.015409396126524253,0.8828933628950785,1.514495795625216,86.77421717963257,0.34433683467873527,19.729047357985497,-0.9999999999944754,-57.29577951276579,-0.0008258204342183862,-0.04731602551637456,0.00040463672043946725,0.023183976317196448,-0.0011751188943082303,-0.06732935306994145
5,2026-08-19 22:21:29.392,1787178089.3927622,0,10,14,1.0,1.244336834,-0.00033046595380958996,-0.018934304426054715,-0.0025054887431143766,-0.14355393059799107,0.010254240816179183,0.5875247208778518,-1.5660099159104084,-89.72575885730335,-0.021146660166544085,-1.2116143783403905,0.08654716426149205,4.958787241008967,1.5977505239842678,91.54436173911435,-0.21664690975349649,-12.412953573426979,0.88667314542865,50.802629040651105,-0.00296323773225091,-0.16978101575189422,-0.0037650830738863946,-0.2157233696498331,0.015409396126265941,0.8828933628802782,1.543929479093089,88.46064301786568,0.24433683467874734,13.999469406677955,-0.999999999977776,-57.29577951180898,-0.0007912323566460127,-0.045334274650006466,0.0002871248310080207,0.016451041010166575,-0.00117511889428853,-0.0673293530688127
5,2026-08-19 22:21:29.392,1787178089.3927622,0,11,14,1.1,1.244336834,-0.0005297436240389814,-0.030352073881398652,-0.001480064661473497,-0.08480145850889032,0.010254240816528804,0.5875247208978837,-1.5676918461057456,-89.82212635893178,-0.01249194374020078,-0.7157356542283728,0.0865471642644459,4.95878724117821,1.580519198736161,90.55707952698063,-0.12797959520864235,-7.332690669247899,0.8866731454589171,50.802629042385284,-0.003262699059006488,-0.18693888590237692,-0.0022241434612252295,-0.1274340333598245,0.015409396126792629,0.8828933629104552,1.5633631625609625,89.57411106096798,0.14433683467872488,8.269891455368436,-1.0000000000119282,-57.29577951376576,-0.0007683954680167854,-0.04402581731434144,0.0001696129415765335,0.009718105703134378,-0.001175118894328638,-0.06732935307111072
5,2026-08-19 22:21:29.392,1787178089.3927622,0,12,14,1.2,1.244336834,-0.0006264788861043075,-0.035894596127833814,-0.0004546405798329756,-0.026048986419810072,0.010254240816325996,0.5875247208862635,-1.5685083046584487,-89.86890598814904,-0.0038372273138604965,-0.21985693011652815,0.08654716426273414,4.958787241080133,1.5721546049425377,90.07782360526468,-0.03931228066381919,-2.252427765070594,0.8866731454413924,50.802629041381195,-0.0034080664244959835,-0.1952678224238607,-0.0006832038485646031,-0.03914469706984678,0.015409396126487266,0.8828933628929592,1.572796846028836,90.11462130893948,0.044336834678737364,2.540313504060918,-0.9999999999921525,-57.29577951263269,-0.000757309768330704,-0.04339065350937947,5.21010521450874e-05,0.0029851703961045325,-0.0011751188943053966,-0.0673293530697791
5,2026-08-19 22:21:29.392,1787178089.3927622,0,13,14,1.244336834,1.244336834,-0.0006365575482174539,-0.036472060930055505,-9.96049561689534e-20,-5.706943607066583e-18,0.010254240817202163,0.5875247209364642,-1.5685933699149683,-89.8737798683308,-8.406791548343517e-19,-4.8167367496633414e-17,0.08654716427012918,4.958787241503837,1.5712831138982202,90.02789084654184,-8.61273314814934e-18,-4.9347325946138e-16,0.8866731455171428,50.802629045721375,-0.003423211972538821,-0.1961355984051279,-1.4967975233477343e-19,-8.576018087345947e-18,0.015409396127803867,0.8828933629683948,1.5737797234835005,90.17093603887031,9.713537837885403e-18,5.565447222514644e-16,-1.0000000000775942,-57.29577951752814,-0.0007561547704629319,-0.04332447700620952,1.1414561843939001e-20,6.540062186487714e-19,-0.0011751188944057903,-0.06732935307553123
